neighbourhood_name,neighbourhood_id,tsns_designation,total_population,median_income,average_income,median_after_tax_income,average_after_tax_income,market_income_percent,employment_income_percent,government_support_percent,low_income_percent,percent_without_income,median_to_average_ratio,is_improvement_area
West Humber-Clairville,1,Not an NIA or Emerging Neighbourhood,33300,33600,40560,31600,35800,74.2,65.8,10.5,8.7,4.982758620689655,0.8284023668639053,0
Mount Olive-Silverstone-Jamestown,2,Neighbourhood Improvement Area,31345,29600,35000,28400,31760,64.8,58.9,13.6,15.6,6.489962970181251,0.8457142857142858,1
Thistletown-Beaumond Heights,3,Neighbourhood Improvement Area,9850,32800,41520,30600,36360,72.6,63.5,9.9,11.8,5.269461077844311,0.789980732177264,1
Rexdale-Kipling,4,Not an NIA or Emerging Neighbourhood,10375,33600,42040,31800,36880,73.4,64.2,9.3,13.5,4.034090909090909,0.7992388201712655,0
Elms-Old Rexdale,5,Neighbourhood Improvement Area,9355,34400,41240,32400,36440,70.6,62.0,11.1,12.4,5.422853453841188,0.8341416100872939,1
Kingsview Village-The Westway,6,Neighbourhood Improvement Area,22005,34400,44880,32400,38640,72.8,59.0,9.6,14.7,4.7250621718706824,0.7664884135472371,1
Willowridge-Martingrove-Richview,7,Not an NIA or Emerging Neighbourhood,22445,40800,53750,37200,45160,79.6,63.3,6.1,9.5,4.249142253892848,0.7590697674418605,0
Humber Heights-Westmount,8,Emerging Neighbourhood,10005,40400,60900,36400,50160,82.4,66.2,5.5,10.2,3.7659327925840094,0.6633825944170771,0
Edenbridge-Humber Valley,9,Not an NIA or Emerging Neighbourhood,15190,48400,98200,42400,68700,90.6,63.4,3.0,8.2,3.5823170731707314,0.49287169042769857,0
Princess-Rosethorn,10,Not an NIA or Emerging Neighbourhood,11170,58800,101900,50400,70900,92.0,65.4,2.7,5.6,4.246284501061571,0.577036310107949,0
Eringate-Centennial-West Deane,11,Not an NIA or Emerging Neighbourhood,18450,44400,57000,40000,47240,83.2,67.4,5.2,5.6,3.225806451612903,0.7789473684210526,0
Markland Wood,12,Not an NIA or Emerging Neighbourhood,10365,46800,71900,42800,55800,86.6,67.0,3.8,6.0,3.5891772501380452,0.650904033379694,0
Etobicoke West Mall,13,Not an NIA or Emerging Neighbourhood,11865,39200,48240,35600,41360,78.6,68.2,8.2,11.0,4.858701041150223,0.8126036484245439,0
Kingsway South,15,Not an NIA or Emerging Neighbourhood,8855,74500,153000,61600,102400,95.6,70.0,1.1,4.3,3.436657681940701,0.4869281045751634,0
Stonegate-Queensway,16,Not an NIA or Emerging Neighbourhood,25650,48400,78900,43200,59250,89.0,73.0,3.7,8.5,3.82730455075846,0.6134347275031685,0
New Toronto,18,Not an NIA or Emerging Neighbourhood,11345,37600,52450,34800,43520,80.4,72.2,6.9,15.8,3.8164002062919034,0.7168732125834127,0
Long Branch,19,Not an NIA or Emerging Neighbourhood,11360,46000,61500,41200,48680,85.2,75.2,5.6,11.2,3.8894575230296824,0.7479674796747967,0
Alderwood,20,Not an NIA or Emerging Neighbourhood,12595,45200,60200,40800,49080,84.6,74.4,5.1,6.2,2.8422548555187115,0.7508305647840532,0
Humber Summit,21,Neighbourhood Improvement Area,12185,31200,38400,29800,34080,68.2,59.1,11.0,12.2,6.1352657004830915,0.8125,1
Humbermede,22,Neighbourhood Improvement Area,16955,32400,38280,30600,34240,69.0,62.6,12.0,13.3,5.9224694903086865,0.8463949843260188,1
Pelmo Park-Humberlea,23,Not an NIA or Emerging Neighbourhood,11290,39600,49000,35200,41720,79.8,71.0,7.3,7.7,4.9504950495049505,0.8081632653061225,0
Black Creek,24,Neighbourhood Improvement Area,21145,29400,33720,28200,30800,60.2,54.9,14.7,19.4,6.534422403733956,0.8718861209964412,1
Glenfield-Jane Heights,25,Neighbourhood Improvement Area,30020,30400,35840,29000,32480,62.9,56.8,13.1,14.9,6.362185879537295,0.8482142857142857,1
York University Heights,27,Neighbourhood Improvement Area,28255,32400,39200,30600,34680,72.2,64.8,12.1,13.8,5.369952859192457,0.826530612244898,1
Rustic,28,Neighbourhood Improvement Area,9390,31400,40120,29800,35480,66.4,56.1,11.9,19.1,5.602060528010303,0.7826520438683948,1
Maple Leaf,29,Not an NIA or Emerging Neighbourhood,9845,37200,47560,34000,40600,76.2,62.2,8.4,9.0,4.531902206320812,0.7821698906644239,0
Brookhaven-Amesbury,30,Not an NIA or Emerging Neighbourhood,17495,34400,42240,32400,36920,71.2,63.7,10.9,13.8,6.202356202356203,0.8143939393939394,0
Yorkdale-Glen Park,31,Emerging Neighbourhood,16625,36400,46960,33600,40080,78.2,67.8,8.1,12.2,4.359766563680055,0.7751277683134583,0
Englemount-Lawrence,32,Emerging Neighbourhood,21285,37200,63450,34400,50960,83.0,62.3,6.0,13.4,5.153121319199058,0.5862884160756501,0
Clanton Park,33,Not an NIA or Emerging Neighbourhood,17620,42000,62750,38000,50080,85.6,70.8,6.1,10.6,3.924221921515562,0.6693227091633466,0
Bathurst Manor,34,Not an NIA or Emerging Neighbourhood,15955,37600,54400,34800,42560,81.6,67.8,7.1,11.4,4.824561403508771,0.6911764705882353,0
Westminster-Branson,35,Emerging Neighbourhood,25705,33600,43360,31200,37600,74.6,61.6,10.2,13.7,3.8306451612903225,0.7749077490774908,0
Newtonbrook West,36,Not an NIA or Emerging Neighbourhood,23805,32800,43440,30600,37200,76.8,63.9,10.2,15.3,5.897617362585515,0.7550644567219152,0
Willowdale West,37,Not an NIA or Emerging Neighbourhood,17160,37600,56900,34800,46040,85.2,68.4,5.7,19.2,5.357142857142857,0.6608084358523726,0
Lansing-Westgate,38,Not an NIA or Emerging Neighbourhood,15910,45200,77300,40000,58350,89.8,69.6,4.3,11.8,4.856512141280353,0.5847347994825356,0
Bedford Park-Nortown,39,Not an NIA or Emerging Neighbourhood,22145,54000,127100,47200,87200,93.8,65.8,2.1,7.2,3.909691629955947,0.42486231313926043,0
St.Andrew-Windfields,40,Not an NIA or Emerging Neighbourhood,16960,46400,102300,41200,73100,91.8,56.1,3.1,13.0,5.884377150722643,0.45356793743890517,0
Bridle Path-Sunnybrook-York Mills,41,Not an NIA or Emerging Neighbourhood,8940,72000,237600,60000,141200,97.2,56.0,0.8,9.1,5.311475409836065,0.30303030303030304,0
Banbury-Don Mills,42,Not an NIA or Emerging Neighbourhood,27155,46400,77800,41600,59000,88.2,63.0,3.7,11.1,4.117398648648648,0.596401028277635,0
Victoria Village,43,Neighbourhood Improvement Area,17365,34000,44280,32000,38240,74.2,62.4,8.6,17.6,4.8772169167803545,0.7678410117434508,1
Flemingdon Park,44,Neighbourhood Improvement Area,22530,30400,38040,28800,33720,68.0,59.8,12.1,19.9,6.559608056614044,0.7991587802313355,1
Pleasant View,46,Not an NIA or Emerging Neighbourhood,15220,34400,45400,32000,38960,77.2,62.7,8.8,10.1,4.958985831469053,0.7577092511013216,0
Don Valley Village,47,Not an NIA or Emerging Neighbourhood,26775,34800,46280,32400,39760,78.6,64.2,8.5,13.5,4.467204183918065,0.7519446845289542,0
Hillcrest Village,48,Not an NIA or Emerging Neighbourhood,16345,34400,49280,31800,41000,79.6,56.7,6.6,15.6,4.723862452240361,0.698051948051948,0
Bayview Woods-Steeles,49,Not an NIA or Emerging Neighbourhood,12085,38000,56350,34400,46120,81.6,56.0,6.2,11.9,3.9925719591457756,0.6743566992014197,0
Newtonbrook East,50,Not an NIA or Emerging Neighbourhood,15345,34000,52150,31800,42920,82.4,64.4,7.3,17.7,6.063907044299201,0.6519654841802492,0
Bayview Village,52,Not an NIA or Emerging Neighbourhood,22330,43200,59350,38800,46960,86.6,67.4,5.8,16.4,4.815650865312264,0.7278854254422915,0
Henry Farm,53,Not an NIA or Emerging Neighbourhood,19840,38400,49360,35600,41680,83.8,75.2,7.9,17.2,7.422680412371134,0.7779578606158833,0
O`Connor Parkview,54,Not an NIA or Emerging Neighbourhood,18405,37600,53550,34800,44640,79.0,66.2,7.4,13.6,5.161290322580645,0.7021475256769374,0
Thorncliffe Park,55,Neighbourhood Improvement Area,20400,29400,37680,28200,33640,65.2,56.9,13.8,24.2,6.807131280388978,0.7802547770700637,1
Leaside-Bennington,56,Not an NIA or Emerging Neighbourhood,16535,64000,141600,54400,95000,95.2,77.0,1.6,5.8,5.135730007336757,0.4519774011299435,0
Broadview North,57,Not an NIA or Emerging Neighbourhood,10955,38800,54050,35600,44520,80.8,70.8,7.3,14.6,3.4228541337546075,0.7178538390379279,0
Old East York,58,Not an NIA or Emerging Neighbourhood,9160,44400,63800,40000,51750,85.0,72.4,5.4,8.3,4.389928986442866,0.6959247648902821,0
Danforth-East York,59,Not an NIA or Emerging Neighbourhood,17065,46400,67200,41200,53950,86.8,77.4,4.4,9.3,3.6084315827081106,0.6904761904761905,0
Woodbine-Lumsden,60,Not an NIA or Emerging Neighbourhood,7915,46400,61550,41200,50520,85.4,77.6,5.2,10.0,3.471698113207547,0.7538586515028433,0
Taylor Massey,61,Neighbourhood Improvement Area,15025,32400,40720,30800,35960,72.4,64.4,11.3,17.8,5.427298501417578,0.7956777996070727,1
East End Danforth,62,Not an NIA or Emerging Neighbourhood,21840,46000,66800,41200,53050,86.6,76.6,5.1,11.9,4.392265193370166,0.688622754491018,0
The Beaches,63,Not an NIA or Emerging Neighbourhood,21510,61200,108800,52000,76400,93.0,78.4,2.4,7.9,4.173669467787114,0.5625,0
Woodbine Corridor,64,Not an NIA or Emerging Neighbourhood,12205,50000,72100,44800,56500,88.4,79.6,4.0,11.1,3.793626707132018,0.6934812760055479,0
Greenwood-Coxwell,65,Not an NIA or Emerging Neighbourhood,14120,44800,64200,40000,51450,86.4,79.2,5.0,12.0,3.3707865168539324,0.6978193146417445,0
Danforth,66,Not an NIA or Emerging Neighbourhood,9305,46400,71600,40800,56300,88.0,76.2,3.9,10.3,3.2818532818532815,0.6480446927374302,0
Playter Estates-Danforth,67,Not an NIA or Emerging Neighbourhood,7680,49200,83900,42400,62450,89.8,74.4,3.7,10.7,2.731411229135053,0.5864123957091776,0
North Riverdale,68,Not an NIA or Emerging Neighbourhood,11290,54400,92800,46800,68400,91.6,76.6,3.0,8.3,3.682272488164124,0.5862068965517241,0
Blake-Jones,69,Not an NIA or Emerging Neighbourhood,7475,38400,63050,34800,50200,84.6,73.6,5.6,15.2,4.5893719806763285,0.6090404440919904,0
South Riverdale,70,Not an NIA or Emerging Neighbourhood,27815,48800,74100,42800,57800,89.2,80.4,4.4,11.7,2.8266331658291457,0.6585695006747638,0
Cabbagetown-South St. James Town,71,Not an NIA or Emerging Neighbourhood,11020,46800,75200,41600,58350,88.4,73.0,4.2,15.0,2.2233201581027666,0.6223404255319149,0
Regent Park,72,Neighbourhood Improvement Area,12750,33200,48640,31400,41080,77.2,70.0,9.5,22.9,4.813805631244324,0.6825657894736842,1
Moss Park,73,Not an NIA or Emerging Neighbourhood,21490,42800,66800,38800,52300,87.2,78.8,5.7,23.3,3.288978157167964,0.6407185628742516,0
North St. James Town,74,Not an NIA or Emerging Neighbourhood,18535,33600,45280,31600,38840,77.6,70.8,9.6,21.9,4.735716468072105,0.7420494699646644,0
Kensington-Chinatown,78,Not an NIA or Emerging Neighbourhood,18120,32400,53750,30200,42920,82.6,71.6,7.8,23.0,3.764078245406046,0.6027906976744186,0
University,79,Not an NIA or Emerging Neighbourhood,6435,43200,74100,39200,53700,88.8,70.2,4.9,14.6,3.87858347386172,0.582995951417004,0
Palmerston-Little Italy,80,Not an NIA or Emerging Neighbourhood,13120,43200,70000,38800,55150,88.2,75.0,5.3,10.9,2.4737945492662474,0.6171428571428571,0
Trinity-Bellwoods,81,Not an NIA or Emerging Neighbourhood,15415,40400,67800,37200,52900,86.8,75.2,5.5,11.0,2.8612821441506697,0.5958702064896755,0
Dufferin Grove,83,Not an NIA or Emerging Neighbourhood,11215,40800,54900,36800,45320,83.2,73.2,7.2,11.7,3.45,0.7431693989071039,0
Little Portugal,84,Not an NIA or Emerging Neighbourhood,15485,46000,64100,40800,51400,87.4,78.2,5.8,10.8,2.432045779685265,0.717628705148206,0
South Parkdale,85,Neighbourhood Improvement Area,20495,35200,48000,32800,40440,78.6,72.6,9.2,20.2,3.471474703982777,0.7333333333333333,1
Roncesvalles,86,Not an NIA or Emerging Neighbourhood,14610,45600,70000,40800,55350,87.6,77.0,5.2,12.5,3.7645174209050865,0.6514285714285715,0
High Park-Swansea,87,Not an NIA or Emerging Neighbourhood,22665,56400,90300,49200,67500,91.4,75.6,3.1,8.5,3.5788381742738586,0.6245847176079734,0
High Park North,88,Not an NIA or Emerging Neighbourhood,21855,48400,71000,42800,55450,88.8,76.2,4.4,11.9,3.040629095674967,0.6816901408450704,0
Runnymede-Bloor West Village,89,Not an NIA or Emerging Neighbourhood,10120,60400,88400,52000,67200,92.2,79.2,2.8,5.1,4.251386321626617,0.6832579185520362,0
Junction Area,90,Not an NIA or Emerging Neighbourhood,14010,47200,62550,42000,50680,86.8,77.2,5.7,8.8,3.760969494358546,0.7545963229416467,0
Weston-Pelham Park,91,Neighbourhood Improvement Area,10680,35600,45760,32800,39400,76.6,70.6,8.6,13.1,4.772353263850795,0.777972027972028,1
Corso Italia-Davenport,92,Not an NIA or Emerging Neighbourhood,13200,41200,56100,37200,46080,83.4,72.8,6.1,8.8,3.920704845814978,0.7344028520499108,0
Wychwood,94,Not an NIA or Emerging Neighbourhood,12800,43600,70900,39200,55400,87.0,74.2,4.7,11.2,4.170444242973708,0.614950634696756,0
Annex,95,Not an NIA or Emerging Neighbourhood,29300,51600,115000,45600,80700,93.4,67.2,2.6,14.4,2.8475711892797317,0.44869565217391305,0
Casa Loma,96,Not an NIA or Emerging Neighbourhood,11350,60000,158600,51600,107500,95.0,64.8,1.6,10.7,2.701375245579568,0.37831021437578816,0
Yonge-St. Clair,97,Not an NIA or Emerging Neighbourhood,12905,62400,131400,52800,92100,94.0,68.6,1.8,9.8,3.106125970664366,0.4748858447488584,0
Rosedale-Moore Park,98,Not an NIA or Emerging Neighbourhood,20080,67500,193400,56800,120700,96.0,66.6,1.1,8.8,3.5350678733031673,0.3490175801447777,0
Mount Pleasant East,99,Not an NIA or Emerging Neighbourhood,16370,58400,101000,50400,72800,92.6,78.4,2.6,8.3,3.7895511405445177,0.5782178217821782,0
Yonge-Eglinton,100,Not an NIA or Emerging Neighbourhood,12410,55200,97900,48000,70100,92.4,74.2,3.0,10.5,4.258306036499766,0.5638406537282942,0
Forest Hill South,101,Not an NIA or Emerging Neighbourhood,10860,61600,157600,52000,102000,95.0,58.5,1.6,9.8,3.577064702788006,0.39086294416243655,0
Forest Hill North,102,Not an NIA or Emerging Neighbourhood,12290,44400,89700,40000,66600,90.0,68.4,3.8,10.8,4.278846153846154,0.49498327759197325,0
Lawrence Park South,103,Not an NIA or Emerging Neighbourhood,14960,67500,177400,56800,111900,96.4,73.4,1.2,7.2,4.638144742103159,0.3804960541149944,0
Lawrence Park North,105,Not an NIA or Emerging Neighbourhood,14675,68000,130200,57600,89700,95.2,74.8,1.5,5.6,3.8428693424423574,0.522273425499232,0
Humewood-Cedarvale,106,Not an NIA or Emerging Neighbourhood,13845,45200,81100,40400,59750,89.4,73.8,4.1,11.2,2.603499786598378,0.5573366214549939,0
Oakwood Village,107,Not an NIA or Emerging Neighbourhood,20710,37600,52350,34400,43760,80.4,72.2,6.9,12.0,4.1111426141196485,0.7182425978987583,0
Briar Hill-Belgravia,108,Not an NIA or Emerging Neighbourhood,14575,37200,47240,34400,40400,78.8,71.4,8.3,11.5,3.9857932123125495,0.7874682472480948,0
Caledonia-Fairbank,109,Not an NIA or Emerging Neighbourhood,10015,37200,46520,34400,39800,78.8,71.8,7.5,10.6,4.778554778554779,0.7996560619088564,0
Keelesdale-Eglinton West,110,Neighbourhood Improvement Area,11390,33200,43720,31000,37760,75.2,67.8,8.6,12.5,5.273937532002048,0.7593778591033852,1
Rockcliffe-Smythe,111,Neighbourhood Improvement Area,22235,34400,43840,32000,37960,73.6,64.2,8.7,15.8,4.863864657679091,0.7846715328467153,1
Beechborough-Greenbrook,112,Neighbourhood Improvement Area,6260,34000,41880,31400,36280,71.2,63.2,10.3,18.0,6.596558317399618,0.8118433619866284,1
Weston,113,Neighbourhood Improvement Area,18675,34800,43160,32400,37600,72.4,64.8,10.1,18.6,5.048231511254019,0.8063021316033364,1
Lambton Baby Point,114,Not an NIA or Emerging Neighbourhood,7965,48800,85100,43600,63350,89.4,74.8,3.7,12.0,5.841121495327103,0.5734430082256169,0
Mount Dennis,115,Neighbourhood Improvement Area,13055,34800,39760,32400,35400,70.0,62.7,11.4,14.9,4.720439963336388,0.8752515090543259,1
Steeles,116,Emerging Neighbourhood,22765,29200,39520,27800,34760,71.6,53.8,10.3,14.8,4.898775306173456,0.7388663967611336,0
Tam O'Shanter-Sullivan,118,Not an NIA or Emerging Neighbourhood,27205,32800,43280,31000,37360,74.6,60.2,9.0,14.4,5.502443169747185,0.7578558225508318,0
Wexford/Maryvale,119,Not an NIA or Emerging Neighbourhood,28345,35200,44040,32800,38280,75.2,64.0,9.5,11.6,4.821022139457893,0.7992733878292462,0
Clairlea-Birchmount,120,Not an NIA or Emerging Neighbourhood,26840,36800,46600,34000,40120,77.2,68.0,9.0,11.5,5.550581915846016,0.7896995708154506,0
Oakridge,121,Neighbourhood Improvement Area,13705,29400,36560,28200,32880,64.0,56.9,14.4,22.5,5.70273911091154,0.8041575492341356,1
Birchcliffe-Cliffside,122,Not an NIA or Emerging Neighbourhood,22700,44000,68400,39600,53600,86.0,71.2,4.8,9.7,4.049844236760125,0.6432748538011696,0
Cliffcrest,123,Not an NIA or Emerging Neighbourhood,16130,38000,53600,35200,44440,80.2,65.6,7.1,11.1,5.137614678899083,0.7089552238805971,0
Kennedy Park,124,Neighbourhood Improvement Area,17110,32000,39880,30200,35200,70.4,61.4,11.0,17.0,5.40447504302926,0.802407221664995,1
Ionview,125,Neighbourhood Improvement Area,13365,34000,40200,31600,35600,71.8,64.0,10.6,13.8,5.605381165919283,0.845771144278607,1
Dorset Park,126,Emerging Neighbourhood,24305,33200,40080,31000,35440,72.4,64.4,10.7,13.0,4.968339016074038,0.8283433133732535,0
Agincourt South-Malvern West,128,Not an NIA or Emerging Neighbourhood,24170,32000,41600,30400,36000,75.2,63.5,10.3,13.0,5.457122608079376,0.7692307692307693,0
Agincourt North,129,Not an NIA or Emerging Neighbourhood,27540,30000,38480,28200,33960,70.6,57.6,11.4,12.4,4.992749119535944,0.7796257796257796,0
Milliken,130,Not an NIA or Emerging Neighbourhood,23980,28400,36800,27200,32800,68.6,55.3,12.6,14.6,5.659922928709056,0.7717391304347826,0
Centennial Scarborough,133,Not an NIA or Emerging Neighbourhood,13380,48800,63700,43200,51550,85.8,69.8,4.5,4.4,4.4039145907473305,0.7660910518053375,0
Highland Creek,134,Not an NIA or Emerging Neighbourhood,12625,36400,48080,33200,40880,77.8,61.9,8.2,6.4,4.441453566621804,0.757071547420965,0
Morningside,135,Neighbourhood Improvement Area,17660,34400,41640,32000,36720,72.2,61.8,10.4,12.4,6.040040719375636,0.8261287223823247,1
West Hill,136,Neighbourhood Improvement Area,28140,33200,40920,31000,36000,70.8,61.7,10.6,15.2,5.217574989438107,0.8113391984359726,1
Eglinton East,138,Neighbourhood Improvement Area,22535,33200,39880,31400,35520,70.0,60.8,11.4,13.9,6.6115702479338845,0.8324974924774323,1
Scarborough Village,139,Neighbourhood Improvement Area,16520,32400,41920,30800,35920,70.4,58.8,11.1,17.1,6.002982848620433,0.7729007633587787,1
Guildwood,140,Not an NIA or Emerging Neighbourhood,9680,48000,59750,42800,49400,83.0,62.4,5.0,5.8,4.07185628742515,0.803347280334728,0
Golfdale-Cedarbrae-Woburn,141,Neighbourhood Improvement Area (formerly Woburn),27085,31200,38640,29400,34400,69.4,59.5,11.5,16.0,6.591422121896162,0.8074534161490683,1
Woburn North,142,Neighbourhood Improvement Area (formerly Woburn),26580,32400,40000,30800,35360,73.6,64.8,10.4,15.5,5.869324473975636,0.81,1
West Rouge,143,Not an NIA or Emerging Neighbourhood,20670,42000,54650,37600,45760,81.8,68.4,6.2,6.2,4.530011325028313,0.7685269899359561,0
Morningside Heights,144,Not an NIA or Emerging Neighbourhood,24940,34800,42000,32400,36640,74.8,68.2,10.8,5.7,5.2972195589645255,0.8285714285714286,0
Malvern West,145,Emerging Neighbourhood,17320,31600,37040,29800,33200,70.0,63.7,12.6,9.7,5.659075224292615,0.8531317494600432,0
Malvern East,146,Emerging Neighbourhood,26095,33200,39760,31200,35240,71.2,63.4,11.0,11.7,5.095828635851183,0.8350100603621731,0
L'Amoreaux West,147,Emerging Neighbourhood,21545,31400,42680,29600,37000,73.4,60.3,8.9,15.8,4.596174282678002,0.7357075913776945,0
East L'Amoreaux,148,Emerging Neighbourhood,21495,31000,39440,29400,34600,71.2,58.6,11.6,13.5,4.951560818083961,0.7860040567951319,0
Parkwoods-O'Connor Hills,149,Not an NIA or Emerging Neighbourhood,13965,39200,59600,35600,47440,83.4,66.8,6.2,10.7,4.794520547945205,0.6577181208053692,0
Fenside-Parkwoods,150,Not an NIA or Emerging Neighbourhood,20510,36000,45960,33600,39680,76.8,66.4,9.0,13.2,5.088622069754145,0.783289817232376,0
Yonge-Doris,151,Not an NIA or Emerging Neighbourhood,20160,36400,51450,33600,42880,85.6,71.8,6.1,22.5,6.170094496942746,0.7074829931972789,0
East Willowdale,152,Not an NIA or Emerging Neighbourhood,15485,36800,61500,33600,48600,86.8,63.8,5.4,16.9,6.1370481927710845,0.5983739837398374,0
Avondale,153,Not an NIA or Emerging Neighbourhood,13790,46400,62500,41600,50400,89.4,78.8,5.3,18.6,6.002449979583504,0.7424,0
Oakdale-Beverley Heights,154,Neighbourhood Improvement Area (formerly Downsview-Roding-CFB),21420,33600,41160,31400,35760,71.0,64.0,11.1,14.4,5.36322360953462,0.8163265306122449,1
Downsview,155,Neighbourhood Improvement Area (formerly Downsview-Roding-CFB),17970,37600,46040,34800,39720,77.4,69.0,8.6,9.6,4.086928316574765,0.8166811468288445,1
Bendale-Glen Andrew,156,Not an NIA or Emerging Neighbourhood,18685,34000,42520,31800,36880,75.6,64.6,8.8,17.0,6.253889234598631,0.7996237064910631,0
Bendale South,157,Not an NIA or Emerging Neighbourhood,10725,33200,41280,31200,36280,73.6,64.2,9.9,9.7,6.201975850713501,0.8042635658914729,0
Islington,158,Not an NIA or Emerging Neighbourhood,23460,45600,71400,40400,55300,86.8,67.2,4.5,8.5,3.944083874188717,0.6386554621848739,0
Etobicoke City Centre,159,Not an NIA or Emerging Neighbourhood,23600,46000,57750,41200,47640,86.2,78.2,5.6,13.6,3.435022820081672,0.7965367965367965,0
Mimico-Queensway,160,Not an NIA or Emerging Neighbourhood,17045,45200,62050,40400,50400,85.2,76.6,5.4,12.4,3.138860457181849,0.7284448025785657,0
Humber Bay Shores,161,Not an NIA or Emerging Neighbourhood,22605,53200,72900,46400,57000,88.8,69.8,4.8,13.5,3.1578947368421053,0.7297668038408779,0
West Queen West,162,Not an NIA or Emerging Neighbourhood,13170,65500,89300,56000,68100,93.2,86.0,3.1,10.9,2.4076380240763804,0.7334826427771557,0
Fort York-Liberty Village,163,Not an NIA or Emerging Neighbourhood,19915,64500,76100,54800,60100,93.0,88.0,4.0,10.3,2.1907560780122894,0.8475689881734559,0
Wellington Place,164,Not an NIA or Emerging Neighbourhood,25570,67000,89800,56400,67500,95.0,88.4,3.1,14.0,3.1710310965630115,0.7461024498886414,0
Harbourfront-CityPlace,165,Not an NIA or Emerging Neighbourhood,28135,58800,73100,50800,57700,92.6,84.8,4.3,14.4,4.25858430845962,0.8043775649794802,0
St Lawrence-East Bayfront-The Islands,166,Not an NIA or Emerging Neighbourhood,31285,58000,79700,50400,61650,91.2,79.8,3.6,15.3,3.5338734700913634,0.7277289836888331,0
Church-Wellesley,167,Not an NIA or Emerging Neighbourhood,22320,42800,56700,38800,46360,87.6,77.6,6.0,23.3,4.202661685734299,0.7548500881834215,0
Downtown Yonge East,168,Not an NIA or Emerging Neighbourhood,17700,45200,66700,40800,52900,89.4,77.6,4.9,22.4,4.14538900570742,0.6776611694152923,0
Bay-Cloverhill,169,Not an NIA or Emerging Neighbourhood,16670,39600,66300,36800,50960,91.0,65.0,4.1,29.0,5.714285714285714,0.5972850678733032,0
Yonge-Bay Corridor,170,Not an NIA or Emerging Neighbourhood,12645,44000,68200,40400,53050,92.2,78.6,4.0,24.3,6.421232876712329,0.6451612903225806,0
Junction-Wallace Emerson,171,Not an NIA or Emerging Neighbourhood,23180,41200,54350,37200,45480,83.0,76.6,6.8,11.2,3.383084577114428,0.7580496780128795,0
Dovercourt Village,172,Not an NIA or Emerging Neighbourhood,12380,38000,55850,34800,46200,83.2,74.2,7.1,10.0,3.8112522686025407,0.6803939122649956,0
North Toronto,173,Not an NIA or Emerging Neighbourhood,15885,46000,58100,41200,48200,86.8,76.6,6.1,18.5,4.838709677419355,0.7917383820998278,0
South Eglinton-Davisville,174,Not an NIA or Emerging Neighbourhood,22735,52400,69000,46000,54700,89.8,76.0,4.2,15.3,3.8442822384428226,0.7594202898550725,0
